{"count":1,"self":46.4500416,"total":97.530199599999989,"children":{"InitializeActuators":{"count":1,"self":0.0020001999999999997,"total":0.0020001999999999997,"children":null},"InitializeSensors":{"count":1,"self":0.0030009,"total":0.0030009,"children":null},"AgentSendState":{"count":34934,"self":0.1399937,"total":0.52096449999999994,"children":{"CollectObservations":{"count":6987,"self":0.16136999999999999,"total":0.16136999999999999,"children":null},"WriteActionMask":{"count":6987,"self":0.0115955,"total":0.0115955,"children":null},"RequestDecision":{"count":6987,"self":0.049470599999999997,"total":0.2080053,"children":{"AgentInfo.ToProto":{"count":6987,"self":0.046577299999999995,"total":0.1585347,"children":{"GenerateSensorData":{"count":6987,"self":0.1119574,"total":0.1119574,"children":null}}}}}}},"DecideAction":{"count":34934,"self":50.2930432,"total":50.2930431,"children":null},"AgentAct":{"count":34934,"self":0.22878199999999999,"total":0.22878199999999999,"children":null},"AgentInfo.ToProto":{"count":1819,"self":0.0084671,"total":0.0313654,"children":{"GenerateSensorData":{"count":1819,"self":0.0228983,"total":0.0228983,"children":null}}}},"gauges":{"default.CumulativeReward":{"count":1819,"max":-1.19923019,"min":-43.5196037,"runningAverage":-6.32394552,"value":-3.92137861,"weightedAverage":-6.09155846}},"metadata":{"timer_format_version":"0.1.0","start_time_seconds":"1684158120","unity_version":"2022.1.19f1","command_line_arguments":"D:\\local\\2022.1.19f1\\Editor\\Unity.exe -projectpath D:\\dev\\BumperStars -useHub -hubIPC -cloudEnvironment production -licensingIpc LicenseClient-xbox -hubSessionId d4628eb9-70e8-4de1-9e67-790b4f815d1a -accessToken 5-kEq1-ym_hkilsPCBYGH2Vd1y0Wa-1eDYXiv55vQ3M001f","communication_protocol_version":"1.5.0","com.unity.ml-agents_version":"2.0.1","scene_name":"KartClassic_Training","end_time_seconds":"1684158217"}}